학교ID,학교명,학교급구분,설립일자,설립형태,본교분교구분,운영상태,소재지지번주소,소재지도로명주소,시도교육청코드,시도교육청명,교육지원청코드,교육지원청명,생성일자,변경일자,위도,경도,데이터기준일자
B000010912,금천중학교,중학교,1952-02-10,공립,본교,운영,경상북도 청도군 금천면 동곡리 1035,경상북도 청도군 금천면 선암로 574-11 (금천면. 금천중고등학교),8750000,경상북도교육청,8911000,경상북도청도교육지원청,2013-11-29,2022-10-06,35.68807595,128.8947636,2023-03-22
B000025146,별빛중학교,중학교,2016-03-01,공립,본교,운영,경상북도 영천시 고경면 해선리 240-3,경상북도 영천시 고경면 월천길 1-27 . 별빛중학교 (고경면),8750000,경상북도교육청,8821000,경상북도영천교육지원청,2013-11-29,2022-10-06,36.00232912,129.0432455,2023-03-22
B000010932,인평중학교,중학교,2009-03-01,공립,본교,운영,경상북도 칠곡군 북삼읍 인평리 518-2,경상북도 칠곡군 북삼읍 북삼로 223 (북삼읍),8750000,경상북도교육청,8941000,경상북도칠곡교육지원청,2013-11-29,2022-10-06,36.06259352,128.3356923,2023-03-22
B000010756,복주여자중학교,중학교,1981-12-08,공립,본교,운영,경상북도 안동시 당북동 333-1,경상북도 안동시 안기천로 58 (당북동. 복주여자중학교),8750000,경상북도교육청,8791000,경상북도안동교육지원청,2013-11-29,2022-10-06,36.56259417,128.7180369,2023-03-22
B000010913,이서중학교,중학교,1952-03-01,사립,본교,운영,경상북도 청도군 이서면 서원리 331-3,경상북도 청도군 이서면 학산1길 22 (이서면. 이서고등학교.이서중학교),8750000,경상북도교육청,8911000,경상북도청도교육지원청,2013-11-29,2022-10-06,35.66249467,128.6684614,2023-03-22
B000010864,경산제일중학교,중학교,1970-03-01,사립,본교,운영,경상북도 경산시 자인면 동부리 208,경상북도 경산시 자인면 원효로 851-16 자인여자중학교 (자인면),8750000,경상북도교육청,8851000,경상북도경산교육지원청,2013-11-29,2022-10-06,35.81594134,128.8278876,2023-03-22
B000023752,운남중학교,중학교,2021-03-01,공립,본교,운영,경상북도 김천시 율곡동 370,경상북도 김천시 우래1길 7 (율곡동. 운남중학교),8750000,경상북도교육청,8781000,경상북도김천교육지원청,2013-11-29,2022-10-06,36.12200032,128.1791173,2023-03-22
B000010931,장곡중학교,중학교,2001-03-06,공립,본교,운영,경상북도 칠곡군 석적읍 중리 246,경상북도 칠곡군 석적읍 남중리8길 13 . 장곡중학교 (석적읍),8750000,경상북도교육청,8941000,경상북도칠곡교육지원청,2013-11-29,2022-10-06,36.07345548,128.4150883,2023-03-22
B000010952,춘양중학교,중학교,1951-05-27,공립,본교,운영,경상북도 봉화군 춘양면 서동리 83-1,경상북도 봉화군 춘양면 서원촌길 8-14 (춘양면),8750000,경상북도교육청,8961000,경상북도봉화교육지원청,2013-11-29,2022-10-06,36.94786297,128.914111,2023-03-22
B000010964,기성중학교,중학교,1969-10-14,공립,본교,운영,경상북도 울진군 기성면 기성리 288,경상북도 울진군 기성면 기성본길 58-5 . 기성중학교 (기성면. 기성중학교),8750000,경상북도교육청,8971000,경상북도울진교육지원청,2013-11-29,2022-10-06,36.79929299,129.4572006,2023-03-22
B000010963,온정중학교,중학교,1971-04-08,공립,본교,운영,경상북도 울진군 온정면 소태리 799-1,경상북도 울진군 온정면 온정학교길 61 (온정면. 온정중교),8750000,경상북도교육청,8971000,경상북도울진교육지원청,2013-11-29,2022-10-06,36.72653526,129.3466575,2023-03-22
B000010760,경안여자중학교,중학교,1965-03-09,사립,본교,운영,경상북도 안동시 금곡동 1-3,경상북도 안동시 금곡윗4길 47 (금곡동. 경안여자중학교),8750000,경상북도교육청,8791000,경상북도안동교육지원청,2013-11-29,2022-10-06,36.57250005,128.7231447,2023-03-22
B000010948,봉화중학교,중학교,1948-08-06,공립,본교,운영,경상북도 봉화군 봉화읍 삼계리 40,경상북도 봉화군 봉화읍 내성로 138 (봉화읍),8750000,경상북도교육청,8961000,경상북도봉화교육지원청,2013-11-29,2022-10-06,36.89603742,128.7399693,2023-03-22
B000010856,문명중학교,중학교,2005-03-01,사립,본교,운영,경상북도 경산시 백천동 산16,경상북도 경산시 경청로230길 30 (백천동),8750000,경상북도교육청,8851000,경상북도경산교육지원청,2013-11-29,2022-10-06,35.80503215,128.7451394,2023-03-22
B000010955,소천중학교,중학교,1955-06-18,공립,본교,운영,경상북도 봉화군 소천면 현동리 701-10,경상북도 봉화군 소천면 소천로 1237 (소천면),8750000,경상북도교육청,8961000,경상북도봉화교육지원청,2013-11-29,2022-10-06,36.94233953,129.0006938,2023-03-22
B000010761,풍산중학교,중학교,1947-09-16,사립,본교,운영,경상북도 안동시 풍산읍 안교리 320,경상북도 안동시 풍산읍 풍산중앙길 39 . 풍산중학교 (풍산읍),8750000,경상북도교육청,8791000,경상북도안동교육지원청,2013-11-29,2022-10-06,36.58414665,128.5665358,2023-03-22
B000010767,일직중학교,중학교,1953-06-02,사립,본교,운영,경상북도 안동시 일직면 귀미리 1016-3,경상북도 안동시 일직면 하나들길 13 (일직면. 일직중학교),8750000,경상북도교육청,8791000,경상북도안동교육지원청,2013-11-29,2022-10-06,36.4706707,128.6638115,2023-03-22
B000010950,물야중학교,중학교,1971-03-22,공립,본교,운영,경상북도 봉화군 물야면 오록리 465,경상북도 봉화군 물야면 오록4길 11 (물야면.물야중학교),8750000,경상북도교육청,8961000,경상북도봉화교육지원청,2013-11-29,2022-10-06,36.97811734,128.7387726,2023-03-22
B000010962,후포중학교,중학교,1955-03-31,공립,본교,운영,경상북도 울진군 후포면 후포리 1015,경상북도 울진군 후포면 후포로 41 . 후포중고등학교 (후포면. 후포중고등학교),8750000,경상북도교육청,8971000,경상북도울진교육지원청,2013-11-29,2022-10-06,36.68031187,129.4459375,2023-03-22
B000010902,영해중학교,중학교,1951-10-30,공립,본교,운영,경상북도 영덕군 영해면 괴시리 115,경상북도 영덕군 영해면 예주길 135 (영해면. 영해중고교),8750000,경상북도교육청,8901000,경상북도영덕교육지원청,2013-11-29,2022-10-06,36.54233749,129.4132252,2023-03-22
B000010697,포항제철중학교,중학교,1980-03-06,사립,본교,운영,경상북도 포항시 남구 지곡동 52,경상북도 포항시 남구 지곡로 150 (지곡동.포항제철중학교),8750000,경상북도교육청,8761000,경상북도포항교육지원청,2013-11-29,2022-10-06,36.02230834,129.3270264,2023-03-22
B000010705,대보중학교,중학교,1970-03-13,공립,본교,운영,경상북도 포항시 남구 호미곶면 대보리 214,경상북도 포항시 남구 호미곶면 해맞이로 122 . 대보중학교 (호미곶면),8750000,경상북도교육청,8761000,경상북도포항교육지원청,2013-11-29,2022-10-06,36.07565376,129.5672519,2023-03-22
B000010935,순심여자중학교,중학교,1946-05-23,사립,본교,운영,경상북도 칠곡군 왜관읍 왜관리 776-9,경상북도 칠곡군 왜관읍 남부1길 22 (왜관읍),8750000,경상북도교육청,8941000,경상북도칠곡교육지원청,2013-11-29,2022-10-06,35.98647718,128.3958253,2023-03-22
B000010708,송라중학교,중학교,1971-03-05,공립,본교,운영,경상북도 포항시 북구 송라면 광천리 184,경상북도 포항시 북구 송라면 광천길 36 (송라면. 송라중학교),8750000,경상북도교육청,8761000,경상북도포항교육지원청,2013-11-29,2022-10-06,36.22834872,129.3543734,2023-03-22
B000010933,북삼중학교,중학교,1991-09-01,공립,본교,운영,경상북도 칠곡군 북삼읍 인평리 143,경상북도 칠곡군 북삼읍 북삼로 29 (북삼읍. 북삼중학교),8750000,경상북도교육청,8941000,경상북도칠곡교육지원청,2013-11-29,2022-10-06,36.06994201,128.342881,2023-03-22
B000010691,창포중학교,중학교,1994-03-01,공립,본교,운영,경상북도 포항시 북구 창포동 647,경상북도 포항시 북구 새천년대로1075번길 30 (창포동.창포중학교),8750000,경상북도교육청,8761000,경상북도포항교육지원청,2013-11-29,2022-10-06,36.06592065,129.3690432,2023-03-22
B000010961,죽변중학교,중학교,1955-05-29,공립,본교,운영,경상북도 울진군 죽변면 죽변리 215,경상북도 울진군 죽변면 죽변4길 19 . 죽변중학교 (죽변면),8750000,경상북도교육청,8971000,경상북도울진교육지원청,2013-11-29,2022-10-06,37.06528825,129.4213289,2023-03-22
B000010956,석포중학교,중학교,1975-09-12,공립,본교,운영,경상북도 봉화군 석포면 석포리 356-2,경상북도 봉화군 석포면 석포로 226-1 (석포면. 석포중학교),8750000,경상북도교육청,8961000,경상북도봉화교육지원청,2013-11-29,2022-10-06,37.0504648,129.0670263,2023-03-22
B000010801,대영중학교,중학교,1969-03-15,사립,본교,운영,경상북도 영주시 휴천동 1770,경상북도 영주시 구성로150번길 45 (휴천동),8750000,경상북도교육청,8811000,경상북도영주교육지원청,2013-11-29,2022-10-06,36.8089799,128.6322246,2023-03-22
B000010696,동지여자중학교,중학교,1966-03-01,사립,본교,운영,경상북도 포항시 북구 용흥동 511,경상북도 포항시 북구 용흥로 123 (용흥동),8750000,경상북도교육청,8761000,경상북도포항교육지원청,2013-11-29,2022-10-06,36.03860468,129.3467246,2023-03-22
B000010723,월성중학교,중학교,1961-04-03,사립,본교,운영,경상북도 경주시 충효동 549-6,경상북도 경주시 충효7길 19 월성중학교 (충효동. 경주정보고등학교월성중학교),8750000,경상북도교육청,8771000,경상북도경주교육지원청,2013-11-29,2022-10-06,35.84182328,129.1763,2023-03-22
B000010826,남산중학교,중학교,1950-05-25,사립,본교,운영,경상북도 상주시 낙양동 388,경상북도 상주시 낙양1길 29 (낙양동. 남산중학교),8750000,경상북도교육청,8831000,경상북도상주교육지원청,2013-11-29,2022-10-06,36.40665006,128.1462224,2023-03-22
B000010725,근화여자중학교,중학교,1950-05-03,사립,본교,운영,경상북도 경주시 용강동 870,경상북도 경주시 승삼2길 55 . 근화여자중학교 (용강동. 근화여자고등학교근화여자중학교),8750000,경상북도교육청,8771000,경상북도경주교육지원청,2013-11-29,2022-10-06,35.87058466,129.2273172,2023-03-22
B000010884,탑리여자중학교,중학교,1966-03-30,사립,본교,운영,경상북도 의성군 금성면 탑리리 1381-2,경상북도 의성군 금성면 탑리4길 25-6 (금성면),8750000,경상북도교육청,8871000,경상북도의성교육지원청,2013-11-29,2022-10-06,36.25576021,128.6836772,2023-03-22
B000010690,포항항도중학교,중학교,1983-03-01,공립,본교,운영,경상북도 포항시 북구 죽도동 655-9,경상북도 포항시 북구 중흥로 170 (죽도동.포항항도중학교),8750000,경상북도교육청,8761000,경상북도포항교육지원청,2013-11-29,2022-10-06,36.01812132,129.3561063,2023-03-22
B000010724,선덕여자중학교,중학교,1968-05-06,사립,본교,운영,경상북도 경주시 인왕동 571-1,경상북도 경주시 양정로 20-11 (인왕동. 선덕여자고등학교선덕여자중학교),8750000,경상북도교육청,8771000,경상북도경주교육지원청,2013-11-29,2022-10-06,35.83862147,129.2242275,2023-03-22
B000010924,벽진중학교,중학교,1974-04-29,공립,본교,운영,경상북도 성주군 벽진면 수촌리 63-1,경상북도 성주군 벽진면 수촌5길 49-71 (벽진면),8750000,경상북도교육청,8931000,경상북도성주교육지원청,2013-11-29,2022-10-06,35.96103444,128.2128533,2023-03-22
B000010873,금성중학교,중학교,1946-09-01,공립,본교,운영,경상북도 의성군 금성면 탑리리 582,경상북도 의성군 금성면 금성현서로 41-66 (금성면.금성중고등학교),8750000,경상북도교육청,8871000,경상북도의성교육지원청,2013-11-29,2022-10-06,36.25441645,128.690147,2023-03-22
B000010799,영주여자중학교,중학교,1952-01-10,공립,본교,운영,경상북도 영주시 가흥동 521-12,경상북도 영주시 신재로 14 (가흥동. 영주여자중학교),8750000,경상북도교육청,8811000,경상북도영주교육지원청,2013-11-29,2022-10-06,36.83207264,128.6106174,2023-03-22
B000010828,함창중학교,중학교,1948-01-11,사립,본교,운영,경상북도 상주시 함창읍 구향리 181,경상북도 상주시 함창읍 함창중앙로 85 (함창읍),8750000,경상북도교육청,8831000,경상북도상주교육지원청,2013-11-29,2022-10-06,36.5678607,128.1739661,2023-03-22
B000010788,형남중학교,중학교,1992-02-29,공립,본교,운영,경상북도 구미시 형곡동 803-2,경상북도 구미시 형곡동로 1-3 (형곡동. 형남중학교),8750000,경상북도교육청,8801000,경상북도구미교육지원청,2013-11-29,2022-10-06,36.10110054,128.3358911,2023-03-22
B000010886,청송여자중학교,중학교,1974-05-14,사립,본교,운영,경상북도 청송군 청송읍 월막리 315,경상북도 청송군 청송읍 군청로 69 (청송읍. 청송여중고등학교),8750000,경상북도교육청,8881000,경상북도청송교육지원청,2013-11-29,2022-10-06,36.43586526,129.0587046,2023-03-22
B000010829,상지여자중학교,중학교,1970-03-02,사립,본교,운영,경상북도 상주시 함창읍 오동리 635,경상북도 상주시 함창읍 함창중앙로 176 (함창읍. 상지여자중.고등학교),8750000,경상북도교육청,8831000,경상북도상주교육지원청,2013-11-29,2022-10-06,36.5693225,128.1851504,2023-03-22
B000010909,모계중학교,중학교,1947-10-27,사립,본교,운영,경상북도 청도군 화양읍 범곡리 117,경상북도 청도군 화양읍 청화로 67 (화양읍.모계중학교),8750000,경상북도교육청,8911000,경상북도청도교육지원청,2013-11-29,2022-10-06,35.6494626,128.7359915,2023-03-22
B000010728,감포중학교,중학교,1945-11-10,공립,본교,운영,경상북도 경주시 감포읍 오류리 478-2,경상북도 경주시 감포읍 감포로12길 20 (감포읍.감포중학교감포종합중고등학교),8750000,경상북도교육청,8771000,경상북도경주교육지원청,2013-11-29,2022-10-06,35.81078851,129.5061535,2023-03-22
B000010842,문경중학교,중학교,1948-08-13,공립,본교,운영,경상북도 문경시 흥덕동 733-4,경상북도 문경시 중앙로 242 (흥덕동. 문경중학교),8750000,경상북도교육청,8841000,경상북도문경교육지원청,2013-11-29,2022-10-06,36.60597442,128.2059638,2023-03-22
B000010841,화북중학교,중학교,1954-02-28,공립,본교,운영,경상북도 상주시 화북면 용유리 340-1,경상북도 상주시 화북면 문장로 1682 (화북면. 화북중학교),8750000,경상북도교육청,8831000,경상북도상주교육지원청,2013-11-29,2022-10-06,36.55970701,127.9215608,2023-03-22
B000010681,대도중학교,중학교,1981-03-01,공립,본교,운영,경상북도 포항시 북구 환호동 493,경상북도 포항시 북구 삼호로509번길 12 (환호동.대도중학교),8750000,경상북도교육청,8761000,경상북도포항교육지원청,2013-11-29,2022-10-06,36.07284812,129.3965964,2023-03-22
B000010875,옥산중학교,중학교,1970-03-03,공립,본교,운영,경상북도 의성군 옥산면 구성리 408-1,경상북도 의성군 옥산면 금봉로 27 . 옥산중학교 (옥산면),8750000,경상북도교육청,8871000,경상북도의성교육지원청,2013-11-29,2022-10-06,36.3941915,128.8099059,2023-03-22
B000010812,성남여자중학교,중학교,1971-01-30,사립,본교,운영,경상북도 영천시 도동 213-1,경상북도 영천시 남촌길 17 (도동),8750000,경상북도교육청,8821000,경상북도영천교육지원청,2013-11-29,2022-10-06,35.9492794,128.9317962,2023-03-22
B000010888,안덕중학교,중학교,1948-12-10,공립,본교,운영,경상북도 청송군 안덕면 명당리 360-1,경상북도 청송군 안덕면 안덕로 65-3 (안덕면. 안덕중학교),8750000,경상북도교육청,8881000,경상북도청송교육지원청,2013-11-29,2022-10-06,36.28977234,128.9570134,2023-03-22
B000010903,강구중학교,중학교,1953-05-11,공립,본교,운영,경상북도 영덕군 강구면 삼사리 21,경상북도 영덕군 강구면 신강구1길 45-5 (강구면. 강구중학교),8750000,경상북도교육청,8901000,경상북도영덕교육지원청,2013-11-29,2022-10-06,36.35361053,129.3803591,2023-03-22
B000010865,군위중학교,중학교,1948-11-05,공립,본교,운영,경상북도 군위군 군위읍 정리 248-12,경상북도 군위군 군위읍 군청로 254-6 (군위읍. 군위고등학교),8750000,경상북도교육청,8861000,경상북도군위교육지원청,2013-11-29,2022-10-06,36.24547463,128.5697899,2023-03-22
B000010927,명인중학교,중학교,1970-05-13,사립,본교,운영,경상북도 성주군 선남면 도성리 1111-1,경상북도 성주군 선남면 도성2길 4 (선남면),8750000,경상북도교육청,8931000,경상북도성주교육지원청,2013-11-29,2022-10-06,35.88583823,128.3642206,2023-03-22
B000010793,무을중학교,중학교,1969-03-28,공립,본교,운영,경상북도 구미시 무을면 무등리 327,경상북도 구미시 무을면 무등2길 21-14 . 무을중학교 (무을면.무을중학교),8750000,경상북도교육청,8801000,경상북도구미교육지원청,2013-11-29,2022-10-06,36.25877943,128.1891946,2023-03-22
B000010942,용궁중학교,중학교,1952-01-09,공립,본교,운영,경상북도 예천군 용궁면 읍부리 251-3,경상북도 예천군 용궁면 읍부1길 33 (용궁면. 용궁중학교),8750000,경상북도교육청,8951000,경상북도예천교육지원청,2013-11-29,2022-10-06,36.61022138,128.2751173,2023-03-22
B000010957,춘양중학교서벽분교장,중학교,1971-03-20,공립,분교,운영,경상북도 봉화군 춘양면 서벽리 473-1,경상북도 봉화군 춘양면 춘양로 1490 (춘양면. 춘양중학교서벽분교),8750000,경상북도교육청,8961000,경상북도봉화교육지원청,2013-11-29,2022-10-06,37.01180323,128.8273753,2023-03-22
B000010831,청리중학교,중학교,1955-06-01,공립,본교,운영,경상북도 상주시 청리면 청하리 954-5,경상북도 상주시 청리면 청하3길 35-16 (청리면. 청리중학교),8750000,경상북도교육청,8831000,경상북도상주교육지원청,2013-11-29,2022-10-06,36.33130095,128.1275037,2023-03-22
B000010733,산내중학교,중학교,1965-03-15,공립,본교,운영,경상북도 경주시 산내면 의곡리 70-65,경상북도 경주시 산내면 문복로 1797-27 . 산내중학교 (산내면. 산내중학교),8750000,경상북도교육청,8771000,경상북도경주교육지원청,2013-11-29,2022-10-06,35.75291163,129.0467673,2023-03-22
B000010838,낙동중학교,중학교,1965-03-23,공립,본교,운영,경상북도 상주시 낙동면 낙동리 128-1,경상북도 상주시 낙동면 낙동3길 14-5 (낙동면.낙동중학교),8750000,경상북도교육청,8831000,경상북도상주교육지원청,2013-11-29,2022-10-06,36.3654791,128.3001767,2023-03-22
B000010845,산양중학교,중학교,1971-03-13,공립,본교,운영,경상북도 문경시 산양면 불암리 210,경상북도 문경시 산양면 불암1길 27 (산양면. 산양중학교),8750000,경상북도교육청,8841000,경상북도문경교육지원청,2013-11-29,2022-10-06,36.6133604,128.2555182,2023-03-22
B000010700,신흥중학교,중학교,1995-03-01,공립,본교,운영,경상북도 포항시 남구 오천읍 세계리 700-3,경상북도 포항시 남구 오천읍 장기로 1636 . 신흥중학교 (오천읍),8750000,경상북도교육청,8761000,경상북도포항교육지원청,2013-11-29,2022-10-06,35.96497037,129.4224437,2023-03-22
B000010844,점촌중학교,중학교,1955-04-08,사립,본교,운영,경상북도 문경시 모전동 600,경상북도 문경시 돈달산길 15 (모전동. 점촌중학교),8750000,경상북도교육청,8841000,경상북도문경교육지원청,2013-11-29,2022-10-06,36.59983852,128.1898244,2023-03-22
B000010904,축산중학교,중학교,1974-04-12,공립,본교,운영,경상북도 영덕군 축산면 도곡리 450,경상북도 영덕군 축산면 도곡1길 54 (축산면. 축산중학교),8750000,경상북도교육청,8901000,경상북도영덕교육지원청,2013-11-29,2022-10-06,36.51351428,129.4063797,2023-03-22
B000010883,삼성중학교,중학교,1955-05-20,사립,본교,운영,경상북도 의성군 단북면 노연리 377,경상북도 의성군 단북면 도안로 2133 (단북면. 삼성중학교),8750000,경상북도교육청,8871000,경상북도의성교육지원청,2013-11-29,2022-10-06,36.3892258,128.428132,2023-03-22
B000010802,영광여자중학교,중학교,1965-11-28,사립,본교,운영,경상북도 영주시 영주동 139,경상북도 영주시 두서길 120 (영주동. 영광여자중학교),8750000,경상북도교육청,8811000,경상북도영주교육지원청,2013-11-29,2022-10-06,36.83289851,128.6208221,2023-03-22
B000010776,구미신평중학교,중학교,1994-03-01,공립,본교,운영,경상북도 구미시 신평동 5-4,경상북도 구미시 신비로3길 37-14 . 구미신평중학교 (신평동),8750000,경상북도교육청,8801000,경상북도구미교육지원청,2013-11-29,2022-10-06,36.12688507,128.3634079,2023-03-22
B000010695,대동중학교,중학교,1969-03-03,사립,본교,운영,경상북도 포항시 북구 우현동 201-6,경상북도 포항시 북구 우창서길 34 (우현동.대동중학교),8750000,경상북도교육청,8761000,경상북도포항교육지원청,2013-11-29,2022-10-06,36.05831145,129.3571484,2023-03-22
B000010869,의흥중학교,중학교,1951-11-30,공립,본교,운영,경상북도 군위군 의흥면 읍내리 210-2,경상북도 군위군 의흥면 읍내길 89-32 (의흥중학교),8750000,경상북도교육청,8861000,경상북도군위교육지원청,2013-11-29,2022-10-06,36.17476864,128.7211368,2023-03-22
B000010781,인동중학교,중학교,1952-05-30,공립,본교,운영,경상북도 구미시 인의동 103,경상북도 구미시 여헌로14길 17 (인의동.인동중학교),8750000,경상북도교육청,8801000,경상북도구미교육지원청,2013-11-29,2022-10-06,36.10931541,128.4288808,2023-03-22
B000010742,한일여자중학교,중학교,1969-12-15,사립,본교,운영,경상북도 김천시 교동 527-1,경상북도 김천시 한일길 11-30 (교동 527-1),8750000,경상북도교육청,8781000,경상북도김천교육지원청,2013-11-29,2022-10-06,36.13774035,128.0958438,2023-03-22
B000010721,경주중학교,중학교,1938-04-20,사립,본교,운영,경상북도 경주시 황오동 13,경상북도 경주시 원효로 231 (황오동.경주중학교),8750000,경상북도교육청,8771000,경상북도경주교육지원청,2013-11-29,2022-10-06,35.84315899,129.2266807,2023-03-22
B000010928,수륜중학교,중학교,1966-11-17,사립,본교,운영,경상북도 성주군 수륜면 신파리 82,경상북도 성주군 수륜면 참별로 888 (수륜면),8750000,경상북도교육청,8931000,경상북도성주교육지원청,2013-11-29,2022-10-06,35.83081062,128.1964419,2023-03-22
B000010735,화랑중학교,중학교,2008-11-05,공립,본교,운영,경상북도 경주시 현곡면 오류리 191,경상북도 경주시 현곡면 등나무길 18-8 (현곡면),8750000,경상북도교육청,8771000,경상북도경주교육지원청,2013-11-29,2022-10-06,35.87426195,129.2035169,2023-03-22
B000010805,금계중학교,중학교,1953-03-14,사립,본교,운영,경상북도 영주시 풍기읍 금계리 279-2,경상북도 영주시 풍기읍 금계로 147 (풍기읍),8750000,경상북도교육청,8811000,경상북도영주교육지원청,2013-11-29,2022-10-06,36.88578033,128.524135,2023-03-22
B000010694,포항영신중학교,중학교,1994-03-07,사립,본교,운영,경상북도 포항시 북구 우현동 산63-13,경상북도 포항시 북구 소티재로 107 . 포항영신중학교 (우현동),8750000,경상북도교육청,8761000,경상북도포항교육지원청,2013-11-29,2022-10-06,36.0589525,129.3514642,2023-03-22
B000010779,오태중학교,중학교,2007-03-01,공립,본교,운영,경상북도 구미시 오태동 613-2,경상북도 구미시 금오대로24길 33 (오태동. 오태중학교),8750000,경상북도교육청,8801000,경상북도구미교육지원청,2013-11-29,2022-10-06,36.07176063,128.3540672,2023-03-22
B000010703,흥해중학교,중학교,1948-09-15,사립,본교,운영,경상북도 포항시 북구 흥해읍 옥성리 168-1,경상북도 포항시 북구 흥해읍 동해대로 1525 (흥해읍. 흥해중학교),8750000,경상북도교육청,8761000,경상북도포항교육지원청,2013-11-29,2022-10-06,36.10921794,129.3411709,2023-03-22
B000010778,상모중학교,중학교,2002-03-01,공립,본교,운영,경상북도 구미시 임은동 436-1,경상북도 구미시 상사동로 70 (임은동. 상모중학교),8750000,경상북도교육청,8801000,경상북도구미교육지원청,2013-11-29,2022-10-06,36.09083563,128.3596617,2023-03-22
B000010881,안계중학교,중학교,1947-03-01,공립,본교,운영,경상북도 의성군 안계면 용기리 1009-1,경상북도 의성군 안계면 용기5길 23 (안계면. 안계중학교),8750000,경상북도교육청,8871000,경상북도의성교육지원청,2013-11-29,2022-10-06,36.38686212,128.4309268,2023-03-22
B000010832,내서중학교,중학교,1975-04-15,공립,본교,운영,경상북도 상주시 내서면 낙서리 2,경상북도 상주시 내서면 영남제일로 3239 (내서면. 내서중학교),8750000,경상북도교육청,8831000,경상북도상주교육지원청,2013-11-29,2022-10-06,36.41339717,128.0184187,2023-03-22
B000010680,포항중학교,중학교,1943-03-31,공립,본교,운영,경상북도 포항시 북구 학산동 205-1,경상북도 포항시 북구 학산로 45 (학산동),8750000,경상북도교육청,8761000,경상북도포항교육지원청,2013-11-29,2022-10-06,36.04956264,129.3660959,2023-03-22
B000010797,도개중학교,중학교,1949-11-04,사립,본교,운영,경상북도 구미시 도개면 궁기리 754,경상북도 구미시 도개면 도안로 120 (도개면),8750000,경상북도교육청,8801000,경상북도구미교육지원청,2013-11-29,2022-10-06,36.30151219,128.3301698,2023-03-22
B000010798,영주중학교,중학교,1943-05-05,공립,본교,운영,경상북도 영주시 휴천동 704-7,경상북도 영주시 남간로 29 (휴천동. 영주중학교),8750000,경상북도교육청,8811000,경상북도영주교육지원청,2013-11-29,2022-10-06,36.82000404,128.6320371,2023-03-22
B000010717,경주여자중학교,중학교,1946-09-27,공립,본교,운영,경상북도 경주시 서악동 255,경상북도 경주시 태종로 613-12 (서악동),8750000,경상북도교육청,8771000,경상북도경주교육지원청,2013-11-29,2022-10-06,35.83947751,129.1951452,2023-03-22
B000010726,안강중학교,중학교,1949-09-30,공립,본교,운영,경상북도 경주시 안강읍 안강리 597-4,경상북도 경주시 안강읍 안강중앙로 269 . 안강중학교 (안강읍),8750000,경상북도교육청,8771000,경상북도경주교육지원청,2013-11-29,2022-10-06,35.99284494,129.2305253,2023-03-22
B000010771,금오중학교,중학교,1980-03-01,공립,본교,운영,경상북도 구미시 임은동 136-3,경상북도 구미시 왕산로 90 (임은동),8750000,경상북도교육청,8801000,경상북도구미교육지원청,2013-11-29,2022-10-06,36.08528382,128.3703889,2023-03-22
B000010939,예천중학교,중학교,1949-09-01,공립,본교,운영,경상북도 예천군 예천읍 남본리 60,경상북도 예천군 예천읍 예천중앞길 7 (예천읍),8750000,경상북도교육청,8951000,경상북도예천교육지원청,2013-11-29,2022-10-06,36.65176852,128.4603687,2023-03-22
B000010871,의성중학교,중학교,1937-09-01,공립,본교,운영,경상북도 의성군 의성읍 도동리 649-2,경상북도 의성군 의성읍 구봉길 172 (의성읍.의성중학교),8750000,경상북도교육청,8871000,경상북도의성교육지원청,2013-11-29,2022-10-06,36.34105051,128.7000801,2023-03-22
B000010702,오천중학교,중학교,1964-03-24,사립,본교,운영,경상북도 포항시 남구 오천읍 용덕리 267,경상북도 포항시 남구 오천읍 해병로 293 . 오천중학교 (오천읍. 오천중고등학교),8750000,경상북도교육청,8761000,경상북도포항교육지원청,2013-11-29,2022-10-06,35.96902488,129.4127922,2023-03-22
B000010744,아포중학교,중학교,1951-12-27,공립,본교,운영,경상북도 김천시 아포읍 국사리 757-1,경상북도 김천시 아포읍 아포대로 1053 (아포읍.아포중학교),8750000,경상북도교육청,8781000,경상북도김천교육지원청,2013-11-29,2022-10-06,36.15917383,128.2429083,2023-03-22
B000010922,성주여자중학교,중학교,1955-04-05,사립,본교,운영,경상북도 성주군 성주읍 경산리 463,경상북도 성주군 성주읍 성주여중고길 19 (성주읍.성주여자중학교),8750000,경상북도교육청,8931000,경상북도성주교육지원청,2013-11-29,2022-10-06,35.91621487,128.2820473,2023-03-22
B000010686,송도중학교,중학교,1985-03-01,공립,본교,운영,경상북도 포항시 남구 송도동 492-1,경상북도 포항시 남구 축항로72번길 11 (송도동.송도중학교),8750000,경상북도교육청,8761000,경상북도포항교육지원청,2013-11-29,2022-10-06,36.02905539,129.3770876,2023-03-22
B000022632,청송중학교부동분교장,중학교,1971-03-29,공립,분교,운영,경상북도 청송군 주왕산면 주산지리 916,경상북도 청송군 주왕산면 부동로 1011-28 (주왕산면. 청송중학교부동분교),8750000,경상북도교육청,8881000,경상북도청송교육지원청,2013-11-29,2022-10-06,36.35805935,129.1574339,2023-03-22
B000010947,은풍중학교,중학교,1963-03-01,사립,본교,운영,경상북도 예천군 은풍면 우곡리 456,경상북도 예천군 은풍면 도효자로 1114-26 (은풍면),8750000,경상북도교육청,8951000,경상북도예천교육지원청,2013-11-29,2022-10-06,36.7507961,128.4375006,2023-03-22
B000010940,예천여자중학교,중학교,1945-03-01,공립,본교,운영,경상북도 예천군 예천읍 청복리 850,경상북도 예천군 예천읍 양궁로 53 . 예천여자중학교 (예천읍),8750000,경상북도교육청,8951000,경상북도예천교육지원청,2013-11-29,2022-10-06,36.64945519,128.4621726,2023-03-22
B000010707,기계중학교,중학교,1954-03-01,공립,본교,운영,경상북도 포항시 북구 기계면 현내리 1089,경상북도 포항시 북구 기계면 기계로 218 (기계면. 기계중학교),8750000,경상북도교육청,8761000,경상북도포항교육지원청,2013-11-29,2022-10-06,36.07736697,129.1960801,2023-03-22
B000010741,성의중학교,중학교,1949-09-26,사립,본교,운영,경상북도 김천시 지좌동 621,경상북도 김천시 성의길 38 . 성의중학교 (지좌동),8750000,경상북도교육청,8781000,경상북도김천교육지원청,2013-11-29,2022-10-06,36.1158414,128.1386181,2023-03-22
B000010685,상도중학교,중학교,1985-03-01,공립,본교,운영,경상북도 포항시 남구 대도동 157-1,경상북도 포항시 남구 상공로92번길 16 . 상도중학교 (대도동),8750000,경상북도교육청,8761000,경상북도포항교육지원청,2013-11-29,2022-10-06,36.01453645,129.3616232,2023-03-22
B000010825,상주여자중학교,중학교,1945-05-30,공립,본교,운영,경상북도 상주시 남성동 150-2,경상북도 상주시 상산로 222 (남성동.상주여자중학교),8750000,경상북도교육청,8831000,경상북도상주교육지원청,2013-11-29,2022-10-06,36.41141033,128.1600204,2023-03-22
B000010923,초전중학교,중학교,1967-08-25,공립,본교,운영,경상북도 성주군 초전면 대장리 610-1,경상북도 성주군 초전면 대장길 124 . 초전중학교 (초전면),8750000,경상북도교육청,8931000,경상북도성주교육지원청,2013-11-29,2022-10-06,35.97707649,128.2641006,2023-03-22
B000010808,단산중학교,중학교,1977-12-20,공립,본교,운영,경상북도 영주시 단산면 단곡리 7-1,경상북도 영주시 단산면 소백로3255번길 6 (단산면. 단산중학교),8750000,경상북도교육청,8811000,경상북도영주교육지원청,2013-11-29,2022-10-06,36.95287388,128.6167225,2023-03-22
B000010906,병곡중학교,중학교,1955-06-13,공립,본교,운영,경상북도 영덕군 병곡면 병곡리 283,경상북도 영덕군 병곡면 병곡길 24-7 (병곡면. 병곡중학교),8750000,경상북도교육청,8901000,경상북도영덕교육지원청,2013-11-29,2022-10-06,36.60434274,129.411274,2023-03-22
B000010872,의성여자중학교,중학교,1945-05-06,공립,본교,운영,경상북도 의성군 의성읍 상리리 670,경상북도 의성군 의성읍 군청길 77 (의성읍. 의성여자중학교),8750000,경상북도교육청,8871000,경상북도의성교육지원청,2013-11-29,2022-10-06,36.35313649,128.7026019,2023-03-22
B000010782,진평중학교,중학교,1999-03-01,공립,본교,운영,경상북도 구미시 진평동 178,경상북도 구미시 인동20길 70 (진평동. 진평중학교),8750000,경상북도교육청,8801000,경상북도구미교육지원청,2013-11-29,2022-10-06,36.09501035,128.4218139,2023-03-22
B000010699,유강중학교,중학교,2003-03-01,공립,본교,운영,경상북도 포항시 남구 연일읍 유강리 143-5,경상북도 포항시 남구 연일읍 유강길 52 . 유강중학교 (연일읍),8750000,경상북도교육청,8761000,경상북도포항교육지원청,2013-11-29,2022-10-06,36.00900446,129.3181196,2023-03-22
B000010824,상주중학교,중학교,1936-06-18,공립,본교,운영,경상북도 상주시 만산동 673-1,경상북도 상주시 북천로 55-13 (만산동. 상주중학교),8750000,경상북도교육청,8831000,경상북도상주교육지원청,2013-11-29,2022-10-06,36.42902055,128.1558594,2023-03-22
B000010784,옥계동부중학교,중학교,2010-03-01,공립,본교,운영,경상북도 구미시 옥계동 911,경상북도 구미시 옥계북로 87 (옥계동),8750000,경상북도교육청,8801000,경상북도구미교육지원청,2013-11-29,2022-10-06,36.13905171,128.4261707,2023-03-22
B000010879,봉양중학교,중학교,1954-09-01,공립,본교,운영,경상북도 의성군 봉양면 화전리 75-1,경상북도 의성군 봉양면 봉호로 14 봉양중학교,8750000,경상북도교육청,8871000,경상북도의성교육지원청,2013-11-29,2022-10-06,36.3031493,128.5849448,2023-03-22
B000010712,청하중학교,중학교,1951-09-01,사립,본교,운영,경상북도 포항시 북구 청하면 덕성리 384-1,경상북도 포항시 북구 청하면 청하로151번길 26 (청하면. 청하중학교),8750000,경상북도교육청,8761000,경상북도포항교육지원청,2013-11-29,2022-10-06,36.19465393,129.335806,2023-03-22
B000010777,광평중학교,중학교,2008-03-01,공립,본교,운영,경상북도 구미시 광평동 160,경상북도 구미시 화신로10길 11-12 (광평동),8750000,경상북도교육청,8801000,경상북도구미교육지원청,2013-11-29,2022-10-06,36.11651264,128.3568194,2023-03-22
B000010908,청도중학교,중학교,1953-03-04,사립,본교,운영,경상북도 청도군 청도읍 고수리 840-2,경상북도 청도군 청도읍 청화로 219-21 . 청도중고등학교 (청도읍),8750000,경상북도교육청,8911000,경상북도청도교육지원청,2013-11-29,2022-10-06,35.64073632,128.7479311,2023-03-22
B000010730,무산중학교,중학교,1951-09-22,사립,본교,운영,경상북도 경주시 건천읍 천포리 636,경상북도 경주시 건천읍 천포방내길 18 . 무산중학교 (건천읍),8750000,경상북도교육청,8771000,경상북도경주교육지원청,2013-11-29,2022-10-06,35.84478145,129.0961167,2023-03-22
B000010944,지보중학교,중학교,1954-06-12,공립,본교,운영,경상북도 예천군 지보면 마전리 142-1,경상북도 예천군 지보면 지보로 167-7 . 지보중학교 (지보면. 지보중.고등학교),8750000,경상북도교육청,8951000,경상북도예천교육지원청,2013-11-29,2022-10-06,36.54505552,128.3881786,2023-03-22
B000010848,동로중학교,중학교,1971-03-01,공립,본교,운영,경상북도 문경시 동로면 적성리 617-1,경상북도 문경시 동로면 적성큰마길 11 (동로면),8750000,경상북도교육청,8841000,경상북도문경교육지원청,2013-11-29,2022-10-06,36.77602945,128.3136429,2023-03-22
B000010893,구천중학교,중학교,1973-04-19,공립,본교,운영,경상북도 청송군 부남면 하속리 90,경상북도 청송군 부남면 부남로 523 (부남면.구천중학교),8750000,경상북도교육청,8881000,경상북도청송교육지원청,2013-11-29,2022-10-06,36.31362921,129.0988847,2023-03-22
B000010718,서라벌여자중학교,중학교,1981-03-01,공립,본교,운영,경상북도 경주시 황성동 1053-18,경상북도 경주시 알천북로145번길 23 (황성동. 서라벌여자중학교),8750000,경상북도교육청,8771000,경상북도경주교육지원청,2013-11-29,2022-10-06,35.8549853,129.2176397,2023-03-22
B000010885,청송중학교,중학교,1948-07-21,공립,본교,운영,경상북도 청송군 청송읍 금곡리 815-3,경상북도 청송군 청송읍 금곡1길 13 . 청송중학교 (청송읍),8750000,경상북도교육청,8881000,경상북도청송교육지원청,2013-11-29,2022-10-06,36.43000334,129.0576987,2023-03-22
B000010692,장흥중학교,중학교,2011-03-01,공립,본교,운영,경상북도 포항시 북구 장성동 1372-1,경상북도 포항시 북구 법원로 120 (장성동. 장흥중학교),8750000,경상북도교육청,8761000,경상북도포항교육지원청,2013-11-29,2022-10-06,36.0858103,129.3869383,2023-03-22
B000010907,지품중학교,중학교,1971-03-31,공립,본교,운영,경상북도 영덕군 지품면 신안리 92-4,경상북도 영덕군 지품면 신안1길 33 지품중학교,8750000,경상북도교육청,8901000,경상북도영덕교육지원청,2013-11-29,2022-10-06,36.450434,129.283436,2023-03-22
B000010772,구미중학교,중학교,1945-05-06,공립,본교,운영,경상북도 구미시 도량동 799-1,경상북도 구미시 문장로 159 (도량동),8750000,경상북도교육청,8801000,경상북도구미교육지원청,2013-11-29,2022-10-06,36.14668047,128.3292902,2023-03-22
B000010762,풍천중학교,중학교,1946-09-01,공립,본교,운영,경상북도 안동시 풍천면 갈전리 1460,경상북도 안동시 풍천면 풍요5길 14 . 풍천중학교 (풍천면),8750000,경상북도교육청,8791000,경상북도안동교육지원청,2013-11-29,2022-10-06,36.57481296,128.5003836,2023-03-22
B000010800,영광중학교,중학교,1951-09-27,사립,본교,운영,경상북도 영주시 영주동 88-1,경상북도 영주시 광복로 17 (영주동),8750000,경상북도교육청,8811000,경상북도영주교육지원청,2013-11-29,2022-10-06,36.82869809,128.6201762,2023-03-22
B000010693,동지중학교,중학교,1946-03-05,사립,본교,운영,경상북도 포항시 북구 용흥동 산125-3,경상북도 포항시 북구 용흥로 123 (용흥동. 동지중학교),8750000,경상북도교육청,8761000,경상북도포항교육지원청,2013-11-29,2022-10-06,36.03860468,129.3467246,2023-03-22
B000010787,형곡중학교,중학교,1991-03-05,공립,본교,운영,경상북도 구미시 형곡동 289-2,경상북도 구미시 형곡서로1길 29 (형곡동.형곡중학교),8750000,경상북도교육청,8801000,경상북도구미교육지원청,2013-11-29,2022-10-06,36.10630547,128.330934,2023-03-22
B000010775,도송중학교,중학교,2000-03-01,공립,본교,운영,경상북도 구미시 도량동 산50-14,경상북도 구미시 송동로7길 53 (도량동),8750000,경상북도교육청,8801000,경상북도구미교육지원청,2013-11-29,2022-10-06,36.147709,128.3204363,2023-03-22
B000010710,포항동해중학교,중학교,1948-09-01,사립,본교,운영,경상북도 포항시 남구 동해면 도구리 621,경상북도 포항시 남구 동해면 일월로41번길 26 . (동해면. 포항동해중학교) (동해면),8750000,경상북도교육청,8761000,경상북도포항교육지원청,2013-11-29,2022-10-06,35.98983978,129.4398422,2023-03-22
B000010849,마성중학교,중학교,1971-03-12,공립,본교,운영,경상북도 문경시 마성면 외어리 400,경상북도 문경시 마성면 외어1길 125 (마성면. 마성중학교),8750000,경상북도교육청,8841000,경상북도문경교육지원청,2013-11-29,2022-10-06,36.69529959,128.133819,2023-03-22
B000010789,경구중학교,중학교,2000-03-03,사립,본교,운영,경상북도 구미시 봉곡동 279,경상북도 구미시 봉곡로9길 25 (봉곡동),8750000,경상북도교육청,8801000,경상북도구미교육지원청,2013-11-29,2022-10-06,36.14854107,128.307609,2023-03-22
B000010945,풍양중학교,중학교,1953-05-26,공립,본교,운영,경상북도 예천군 풍양면 낙상리 253,경상북도 예천군 풍양면 낙상1길 94 (풍양면. 풍양중학교),8750000,경상북도교육청,8951000,경상북도예천교육지원청,2013-11-29,2022-10-06,36.50878288,128.2974077,2023-03-22
B000010783,옥계중학교,중학교,2001-03-01,공립,본교,운영,경상북도 구미시 거의동 610-1,경상북도 구미시 거양길 18-7 (거의동. 옥계중학교),8750000,경상북도교육청,8801000,경상북도구미교육지원청,2013-11-29,2022-10-06,36.13852781,128.410856,2023-03-22
B000010866,효령중학교,중학교,1971-01-25,공립,본교,운영,경상북도 군위군 효령면 중구리 355,경상북도 군위군 효령면 중리길 6-25 (효령면. 효령중고등학교),8750000,경상북도교육청,8861000,경상북도군위교육지원청,2013-11-29,2022-10-06,36.15464034,128.5778532,2023-03-22
B000010880,경북중부중학교,중학교,2016-03-01,공립,본교,운영,경상북도 의성군 비안면 이두리 341,경상북도 의성군 비안면 이두2길 5 (비안면),8750000,경상북도교육청,8871000,경상북도의성교육지원청,2013-11-29,2022-10-06,36.33826988,128.4912044,2023-03-22
B000010745,어모중학교,중학교,1969-03-04,공립,본교,운영,경상북도 김천시 어모면 동좌리 519,경상북도 김천시 어모면 어모로 560 (어모면.어모중학교),8750000,경상북도교육청,8781000,경상북도김천교육지원청,2013-11-29,2022-10-06,36.20138852,128.1090762,2023-03-22
B000010836,중모중학교,중학교,1954-06-09,공립,본교,운영,경상북도 상주시 모동면 덕곡리 1087,경상북도 상주시 모동면 덕곡1길 13 (모동면.중모중학교),8750000,경상북도교육청,8831000,경상북도상주교육지원청,2013-11-29,2022-10-06,36.3254066,127.9608589,2023-03-22
B000010934,순심중학교,중학교,1946-05-23,사립,본교,운영,경상북도 칠곡군 왜관읍 왜관리 340,경상북도 칠곡군 왜관읍 평장2길 6 (왜관읍),8750000,경상북도교육청,8941000,경상북도칠곡교육지원청,2013-11-29,2022-10-06,35.9864732,128.403217,2023-03-22
B000010804,풍기중학교,중학교,1950-03-15,공립,본교,운영,경상북도 영주시 풍기읍 동부리 369,경상북도 영주시 풍기읍 동성로 34 (풍기읍. 풍기중학교),8750000,경상북도교육청,8811000,경상북도영주교육지원청,2013-11-29,2022-10-06,36.87028488,128.5315522,2023-03-22
B000010946,감천중학교,중학교,1954-06-13,공립,본교,운영,경상북도 예천군 감천면 포리 311-2,경상북도 예천군 감천면 충효로 1429 (감천면. 감천중학교),8750000,경상북도교육청,8951000,경상북도예천교육지원청,2013-11-29,2022-10-06,36.72434848,128.5261545,2023-03-22
B000010811,영동중학교,중학교,1970-10-06,사립,본교,운영,경상북도 영천시 야사동 393,경상북도 영천시 안야사길 13 (야사동),8750000,경상북도교육청,8821000,경상북도영천교육지원청,2013-11-29,2022-10-06,35.97778874,128.9465541,2023-03-22
B000010792,현일중학교,중학교,1953-04-06,사립,본교,운영,경상북도 구미시 고아읍 항곡리 468-1,경상북도 구미시 고아읍 선산대로 656 . 현일중고등학교 (고아읍),8750000,경상북도교육청,8801000,경상북도구미교육지원청,2013-11-29,2022-10-06,36.18720149,128.349288,2023-03-22
B000010719,불국중학교,중학교,1980-10-17,공립,본교,운영,경상북도 경주시 시래동 206,경상북도 경주시 구매2길 35-12 (시래동. 불국중학교),8750000,경상북도교육청,8771000,경상북도경주교육지원청,2013-11-29,2022-10-06,35.77393121,129.309127,2023-03-22
B000010743,성의여자중학교,중학교,1970-03-01,사립,본교,운영,경상북도 김천시 평화동 406-6,경상북도 김천시 평화순환길 250-11 . 성의여자중학교 (평화동),8750000,경상북도교육청,8781000,경상북도김천교육지원청,2013-11-29,2022-10-06,36.11961289,128.1133186,2023-03-22
B000010746,개령중학교,중학교,1952-03-02,공립,본교,운영,경상북도 김천시 개령면 동부리 442-8,경상북도 김천시 개령면 서부3길 89 (개령면. 개령중학교),8750000,경상북도교육청,8781000,경상북도김천교육지원청,2013-11-29,2022-10-06,36.1677997,128.1853626,2023-03-22
B000010709,신광중학교,중학교,1955-05-20,공립,본교,운영,경상북도 포항시 북구 신광면 토성리 344,경상북도 포항시 북구 신광면 토성길51번길 19-2 (신광면.신광중학교),8750000,경상북도교육청,8761000,경상북도포항교육지원청,2013-11-29,2022-10-06,36.13077706,129.2639672,2023-03-22
B000010917,쌍림중학교,중학교,1972-03-28,공립,본교,운영,경상북도 고령군 쌍림면 귀원리 25,경상북도 고령군 쌍림면 대가야로 659 . 쌍림중학교 (쌍림면. 쌍림중학교),8750000,경상북도교육청,8921000,경상북도고령교육지원청,2013-11-29,2022-10-06,35.68462812,128.2431018,2023-03-22
B000010867,부계중학교,중학교,1948-09-01,공립,본교,운영,경상북도 군위군 부계면 춘산리 496,경상북도 군위군 부계면 춘산1길 16 (부계면. 부계중학교),8750000,경상북도교육청,8861000,경상북도군위교육지원청,2013-11-29,2022-10-06,36.07957908,128.6548326,2023-03-22
B000010736,김천중앙중학교,중학교,1953-05-01,공립,본교,운영,경상북도 김천시 삼락동 548,경상북도 김천시 대학로 164-37 (삼락동),8750000,경상북도교육청,8781000,경상북도김천교육지원청,2013-11-29,2022-10-06,36.14144223,128.0842226,2023-03-22
B000010882,다인중학교,중학교,1952-02-12,공립,본교,운영,경상북도 의성군 다인면 도암리 283,경상북도 의성군 다인면 서릉2길 27 . 다인중학교 (다인면),8750000,경상북도교육청,8871000,경상북도의성교육지원청,2013-11-29,2022-10-06,36.45317309,128.3551267,2023-03-22
B000010966,부구중학교,중학교,1969-11-17,공립,본교,운영,경상북도 울진군 북면 부구리 863-7,경상북도 울진군 북면 상흥부1길 6-15 . 부구중학교 (북면),8750000,경상북도교육청,8971000,경상북도울진교육지원청,2013-11-29,2022-10-06,37.09896401,129.3569442,2023-03-22
B000010795,해평중학교,중학교,1953-04-17,공립,본교,운영,경상북도 구미시 해평면 월호리 488,경상북도 구미시 해평면 강동로 1654 (해평면. 경북생활과학고등학교(해평중학교)),8750000,경상북도교육청,8801000,경상북도구미교육지원청,2013-11-29,2022-10-06,36.19960113,128.3922014,2023-03-22
B000010820,영안중학교,중학교,1971-03-24,공립,본교,운영,경상북도 영천시 북안면 임포리 311,경상북도 영천시 북안면 운북로 2025 (북안면),8750000,경상북도교육청,8821000,경상북도영천교육지원청,2013-11-29,2022-10-06,35.91800235,129.0076986,2023-03-22
B000010861,진량중학교,중학교,1952-09-17,사립,본교,운영,경상북도 경산시 진량읍 신상리 1114-6,경상북도 경산시 진량읍 대학로 1051 . 진량중학교 (진량읍.진량중고등학교),8750000,경상북도교육청,8851000,경상북도경산교육지원청,2013-11-29,2022-10-06,35.87727334,128.8110155,2023-03-22
B000010722,문화중학교,중학교,1945-10-15,사립,본교,운영,경상북도 경주시 충효동 717,경상북도 경주시 충현로 98 (충효동),8750000,경상북도교육청,8771000,경상북도경주교육지원청,2013-11-29,2022-10-06,35.85337311,129.1690639,2023-03-22
B000010900,영덕중학교,중학교,1936-06-08,공립,본교,운영,경상북도 영덕군 영덕읍 화개리 72,경상북도 영덕군 영덕읍 군청1길 13 . 영덕중학교 (영덕읍),8750000,경상북도교육청,8901000,경상북도영덕교육지원청,2013-11-29,2022-10-06,36.41488843,129.3679427,2023-03-22
B000010821,청통중학교,중학교,1972-03-29,공립,본교,운영,경상북도 영천시 청통면 원촌리 220,경상북도 영천시 청통면 새학길 33-11 (청통면),8750000,경상북도교육청,8821000,경상북도영천교육지원청,2013-11-29,2022-10-06,35.99118178,128.8246667,2023-03-22
B000010786,선주중학교,중학교,2004-03-01,공립,본교,운영,경상북도 구미시 봉곡동 6,경상북도 구미시 야은로13길 27 (봉곡동. 선주중학교),8750000,경상북도교육청,8801000,경상북도구미교육지원청,2013-11-29,2022-10-06,36.14257948,128.3132347,2023-03-22
B000010833,화령중학교,중학교,1952-09-09,공립,본교,운영,경상북도 상주시 화서면 달천리 503-1,경상북도 상주시 화서면 중화로 2187 (화서면. 화령중고등학교),8750000,경상북도교육청,8831000,경상북도상주교육지원청,2013-11-29,2022-10-06,36.44245211,127.9458196,2023-03-22
B000010773,송정여자중학교,중학교,1988-03-01,공립,본교,운영,경상북도 구미시 송정동 485-1,경상북도 구미시 송정대로6길 72-12 (송정동. 송정여자중학교),8750000,경상북도교육청,8801000,경상북도구미교육지원청,2013-11-29,2022-10-06,36.11382632,128.3477053,2023-03-22
B000010727,외동중학교,중학교,1947-09-20,공립,본교,운영,경상북도 경주시 외동읍 입실리 443-1,경상북도 경주시 외동읍 입실로1길 80-9 (외동읍),8750000,경상북도교육청,8771000,경상북도경주교육지원청,2013-11-29,2022-10-06,35.71736873,129.3253571,2023-03-22
B000010683,포항여자중학교,중학교,1939-04-10,공립,본교,운영,경상북도 포항시 북구 우현동 56,경상북도 포항시 북구 장미길 49 (우현동.포항여자중학교),8750000,경상북도교육청,8761000,경상북도포항교육지원청,2013-11-29,2022-10-06,36.05313299,129.3622002,2023-03-22
B000010716,신라중학교,중학교,1954-06-21,공립,본교,운영,경상북도 경주시 황성동 1053-18,경상북도 경주시 알천북로 143 (황성동. 신라중학교),8750000,경상북도교육청,8771000,경상북도경주교육지원청,2013-11-29,2022-10-06,35.85465841,129.2164259,2023-03-22
B000010905,남정중학교,중학교,1966-03-15,공립,본교,운영,경상북도 영덕군 남정면 장사리 410-1,경상북도 영덕군 남정면 진불길 11-27 . 남정중학교 (남정면),8750000,경상북도교육청,8901000,경상북도영덕교육지원청,2013-11-29,2022-10-06,36.28382203,129.3702125,2023-03-22
B000010754,안동중학교,중학교,1946-09-14,공립,본교,운영,경상북도 안동시 태화동 255,경상북도 안동시 태화1길 14 (태화동. 안동중학교),8750000,경상북도교육청,8791000,경상북도안동교육지원청,2013-11-29,2022-10-06,36.56465434,128.7119477,2023-03-22
B000010920,고령중학교개진분교장,중학교,1982-01-09,공립,분교,운영,경상북도 고령군 개진면 오사리 42,경상북도 고령군 개진면 오사길 83 . 고령중학교 개진분교장 (개진면),8750000,경상북도교육청,8921000,경상북도고령교육지원청,2013-11-29,2022-10-06,35.71676088,128.3697462,2023-03-22
B000010846,산북중학교,중학교,1954-05-17,공립,본교,운영,경상북도 문경시 산북면 대상리 97-3,경상북도 문경시 산북면 금천로 560 (산북면.산북중학교),8750000,경상북도교육청,8841000,경상북도문경교육지원청,2013-11-29,2022-10-06,36.65452817,128.2594665,2023-03-22
B000010835,모서중학교,중학교,1973-03-17,공립,본교,운영,경상북도 상주시 모서면 삼포리 222-3,경상북도 상주시 모서면 삼포2길 30 (모서면. 모서중교),8750000,경상북도교육청,8831000,경상북도상주교육지원청,2013-11-29,2022-10-06,36.34441508,127.9610567,2023-03-22
B000010889,현서중학교,중학교,1972-03-09,공립,본교,운영,경상북도 청송군 현서면 덕계리 533,경상북도 청송군 현서면 구덕길 74 (현서면. 현서중고등학교),8750000,경상북도교육청,8881000,경상북도청송교육지원청,2013-11-29,2022-10-06,36.28145041,128.8986233,2023-03-22
B000010921,성주중학교,중학교,1946-10-26,공립,본교,운영,경상북도 성주군 성주읍 예산리 640,경상북도 성주군 성주읍 주천로 15-18 (성주읍.성주중학교),8750000,경상북도교육청,8931000,경상북도성주교육지원청,2013-11-29,2022-10-06,35.92783552,128.2834315,2023-03-22
B000010714,서포중학교,중학교,1954-09-01,사립,본교,운영,경상북도 포항시 북구 죽장면 입암리 651,경상북도 포항시 북구 죽장면 일광길 2 (죽장면),8750000,경상북도교육청,8761000,경상북도포항교육지원청,2013-11-29,2022-10-06,36.16391663,129.0932289,2023-03-22
B000010919,우곡중학교,중학교,1971-03-25,공립,본교,운영,경상북도 고령군 우곡면 월오리 414,경상북도 고령군 우곡면 우곡로 492-19 (우곡면. 우곡중학교),8750000,경상북도교육청,8921000,경상북도고령교육지원청,2013-11-29,2022-10-06,35.64486899,128.3560352,2023-03-22
B000010818,화산중학교,중학교,1970-03-01,공립,본교,운영,경상북도 영천시 화산면 유성리 1360-1,경상북도 영천시 화산면 연유길 14 (화산면),8750000,경상북도교육청,8821000,경상북도영천교육지원청,2013-11-29,2022-10-06,36.01997426,128.8488845,2023-03-22
B000010887,진보중학교,중학교,2005-03-01,공립,본교,운영,경상북도 청송군 진보면 진안리 562-2,경상북도 청송군 진보면 진성로 25 . 진보중학교 (진보면.진보중고등학교),8750000,경상북도교육청,8881000,경상북도청송교육지원청,2013-11-29,2022-10-06,36.53283897,129.0414663,2023-03-22
B000010943,용문중학교,중학교,1971-03-08,공립,본교,운영,경상북도 예천군 용문면 상금곡리 638-1,경상북도 예천군 용문면 상금시장길 45-2 (용문면),8750000,경상북도교육청,8951000,경상북도예천교육지원청,2013-11-29,2022-10-06,36.69328639,128.4051686,2023-03-22
B000010911,매전중학교,중학교,1971-03-10,공립,본교,운영,경상북도 청도군 매전면 동산리 445-4,경상북도 청도군 매전면 동산길 13 (매전면. 매전중학교),8750000,경상북도교육청,8911000,경상북도청도교육지원청,2013-11-29,2022-10-06,35.66806716,128.8527037,2023-03-22
B000010803,동산여자중학교,중학교,1970-03-01,사립,본교,운영,경상북도 영주시 하망동 595,경상북도 영주시 영봉로 49 (하망동.동산여자중학교),8750000,경상북도교육청,8811000,경상북도영주교육지원청,2013-11-29,2022-10-06,36.81859532,128.6455246,2023-03-22
B000010892,현동중학교,중학교,1974-12-27,사립,본교,운영,경상북도 청송군 현동면 도평리 733-7,경상북도 청송군 현동면 청송로 2686 (현동면. 현동중학교),8750000,경상북도교육청,8881000,경상북도청송교육지원청,2013-11-29,2022-10-06,36.2893639,129.0212193,2023-03-22
B000010732,아화중학교,중학교,1971-03-01,공립,본교,운영,경상북도 경주시 서면 아화리 123,경상북도 경주시 서면 아화양지길 41 (서면),8750000,경상북도교육청,8771000,경상북도경주교육지원청,2013-11-29,2022-10-06,35.90011301,129.0472989,2023-03-22
B000010843,문경여자중학교,중학교,1971-03-01,공립,본교,운영,경상북도 문경시 모전동 513,경상북도 문경시 돈달로 15 (모전동. 문경여자중학교),8750000,경상북도교육청,8841000,경상북도문경교육지원청,2013-11-29,2022-10-06,36.5956739,128.1898857,2023-03-22
B000010807,부석중학교,중학교,1954-06-17,공립,본교,운영,경상북도 영주시 부석면 소천리 501-1,경상북도 영주시 부석면 부석로 29 (부석면),8750000,경상북도교육청,8811000,경상북도영주교육지원청,2013-11-29,2022-10-06,36.97753241,128.6528943,2023-03-22
B000010720,계림중학교,중학교,1986-03-01,공립,본교,운영,경상북도 경주시 황성동 469-8,경상북도 경주시 용담로 68 (황성동. 계림중학교),8750000,경상북도교육청,8771000,경상북도경주교육지원청,2013-11-29,2022-10-06,35.86411253,129.214146,2023-03-22
B000010706,대송중학교,중학교,1995-09-01,공립,본교,운영,경상북도 포항시 남구 대송면 남성리 83-5,경상북도 포항시 남구 대송면 남성길 100 . 대송중학교 (대송면),8750000,경상북도교육청,8761000,경상북도포항교육지원청,2013-11-29,2022-10-06,35.97786663,129.3595369,2023-03-22
B000010918,다산중학교,중학교,1957-04-07,사립,본교,운영,경상북도 고령군 다산면 월성리 210,경상북도 고령군 다산면 다산로 443 (다산면) 다산중학교,8750000,경상북도교육청,8921000,경상북도고령교육지원청,2013-11-29,2022-10-06,35.81511901,128.4287221,2023-03-22
B000010729,안강여자중학교,중학교,1964-03-02,사립,본교,운영,경상북도 경주시 안강읍 산대리 1855-3,경상북도 경주시 안강읍 화전길 62-8 . 안강여자중학교 (안강읍),8750000,경상북도교육청,8771000,경상북도경주교육지원청,2013-11-29,2022-10-06,35.99333192,129.2108268,2023-03-22
B000010711,장기중학교,중학교,1949-09-15,사립,본교,운영,경상북도 포항시 남구 장기면 임중리 331-2,경상북도 포항시 남구 장기면 읍내길 53 (장기면.장기중학교),8750000,경상북도교육청,8761000,경상북도포항교육지원청,2013-11-29,2022-10-06,35.89221542,129.4927966,2023-03-22
B000010731,양남중학교,중학교,1947-11-01,공립,본교,운영,경상북도 경주시 양남면 하서리 651,경상북도 경주시 양남면 양남로 325-3 (양남면. 양남중학교),8750000,경상북도교육청,8771000,경상북도경주교육지원청,2013-11-29,2022-10-06,35.67412465,129.4607583,2023-03-22
B000010806,소수중학교,중학교,1953-09-01,공립,본교,운영,경상북도 영주시 순흥면 읍내리 370-1,경상북도 영주시 순흥면 순흥로 24 (순흥면. 소수중학교),8750000,경상북도교육청,8811000,경상북도영주교육지원청,2013-11-29,2022-10-06,36.91253449,128.5775449,2023-03-22
B000010890,진성중학교,중학교,1963-04-15,사립,본교,운영,경상북도 청송군 진보면 이촌리 596,경상북도 청송군 진보면 못안길 33 (진보면.진성중학교),8750000,경상북도교육청,8881000,경상북도청송교육지원청,2013-11-29,2022-10-06,36.53311296,129.0340548,2023-03-22
B000010925,용암중학교,중학교,1954-06-07,공립,본교,운영,경상북도 성주군 용암면 본리리 724,경상북도 성주군 용암면 상성로 222 (용암면.용암중학교),8750000,경상북도교육청,8931000,경상북도성주교육지원청,2013-11-29,2022-10-06,35.84136913,128.314491,2023-03-22
B000010850,가은중학교,중학교,1953-09-01,공립,본교,운영,경상북도 문경시 가은읍 왕능리 218,경상북도 문경시 가은읍 가은로 205 . 가은중학교 (가은읍.가은고등학교),8750000,경상북도교육청,8841000,경상북도문경교육지원청,2013-11-29,2022-10-06,36.64547535,128.0711654,2023-03-22
B000010837,은척중학교,중학교,1971-03-11,공립,본교,운영,경상북도 상주시 은척면 우기리 500,경상북도 상주시 은척면 우기1길 10 (은척면),8750000,경상북도교육청,8831000,경상북도상주교육지원청,2013-11-29,2022-10-06,36.53817356,128.0626337,2023-03-22
B000010734,양북중학교,중학교,1952-08-10,공립,본교,운영,경상북도 경주시 양북면 어일리 701,경상북도 경주시 문무대왕면 어일남길 2 (문무대왕면. 양북중학교양북초등학교),8750000,경상북도교육청,8771000,경상북도경주교육지원청,2013-11-29,2022-10-06,35.785592,129.4442385,2023-03-22
B000010813,금호여자중학교,중학교,1971-12-29,공립,본교,운영,경상북도 영천시 금호읍 대미리 930-23,경상북도 영천시 금호읍 성천앞길 112-53 (금호읍),8750000,경상북도교육청,8821000,경상북도영천교육지원청,2013-11-29,2022-10-06,35.93945644,128.8786471,2023-03-22
B000010834,화동중학교,중학교,1970-03-07,공립,본교,운영,경상북도 상주시 화동면 이소리 323,경상북도 상주시 화동면 이소3길 86-6 (화동면.화동중교),8750000,경상북도교육청,8831000,경상북도상주교육지원청,2013-11-29,2022-10-06,36.3884768,127.9587288,2023-03-22
B000010823,산동중학교,중학교,1947-11-10,사립,본교,운영,경상북도 영천시 화남면 삼창리 86,경상북도 영천시 화남면 천문로 1709 산동중학교,8750000,경상북도교육청,8821000,경상북도영천교육지원청,2013-11-29,2022-10-06,36.06836167,128.897874,2023-03-22
B000010684,포항이동중학교,중학교,2003-03-01,공립,본교,운영,경상북도 포항시 남구 이동 664,경상북도 포항시 남구 대이로 170 (이동.포항이동중학교),8750000,경상북도교육청,8761000,경상북도포항교육지원청,2013-11-29,2022-10-06,36.03035784,129.340069,2023-03-22
B000010785,봉곡중학교,중학교,2003-03-01,공립,본교,운영,경상북도 구미시 봉곡동 51,경상북도 구미시 봉곡서로11안길 9-8 (봉곡동.봉곡중학교),8750000,경상북도교육청,8801000,경상북도구미교육지원청,2013-11-29,2022-10-06,36.15883003,128.3045998,2023-03-22
B000010679,포항포은중학교,중학교,2012-03-01,공립,본교,운영,경상북도 포항시 남구 오천읍 원리 982,경상북도 포항시 남구 오천읍 냉천로340번길 30 . 포항포은중학교 (오천읍),8750000,경상북도교육청,8761000,경상북도포항교육지원청,2013-11-29,2022-10-06,35.96559626,129.4046146,2023-03-22
B000010868,군위중학교우보분교장,중학교,1967-11-29,공립,분교,운영,경상북도 군위군 우보면 이화리 1414-24,경상북도 군위군 우보면 솔밭길 74 (우보면),8750000,경상북도교육청,8861000,경상북도군위교육지원청,2013-11-29,2022-10-06,36.1875361,128.6665367,2023-03-22
B000010847,문경서중학교,중학교,1949-12-15,공립,본교,운영,경상북도 문경시 문경읍 상리 351,경상북도 문경시 문경읍 문경서중길 1 (문경읍. 문경서중학교),8750000,경상북도교육청,8841000,경상북도문경교육지원청,2013-11-29,2022-10-06,36.73977014,128.1061611,2023-03-22
B000010827,성신여자중학교,중학교,1967-03-10,사립,본교,운영,경상북도 상주시 계산동 330-1,경상북도 상주시 북천로 117 (계산동. 성신여자중학교),8750000,경상북도교육청,8831000,경상북도상주교육지원청,2013-11-29,2022-10-06,36.42809793,128.1635092,2023-03-22
B000010809,영천중학교,중학교,1946-10-10,공립,본교,운영,경상북도 영천시 창구동 산1-3,경상북도 영천시 중앙동1길 126 (문내동),8750000,경상북도교육청,8821000,경상북도영천교육지원청,2013-11-29,2022-10-06,35.97489339,128.928862,2023-03-22
B000010739,김천중학교,중학교,1931-05-09,사립,본교,운영,경상북도 김천시 부곡동 777-1,경상북도 김천시 송설로 90 . 김천중학교 (부곡동. 김천중고등학교),8750000,경상북도교육청,8781000,경상북도김천교육지원청,2013-11-29,2022-10-06,36.12343109,128.0939955,2023-03-22
B000010895,영양중학교,중학교,1946-10-03,공립,본교,운영,경상북도 영양군 영양읍 서부리 540,경상북도 영양군 영양읍 중앙로 81 영양중학교(영양읍. 영양중고등학교 ),8750000,경상북도교육청,8891000,경상북도영양교육지원청,2013-11-29,2022-10-06,36.66142713,129.1112403,2023-03-22
B000010855,사동중학교,중학교,2003-03-01,공립,본교,운영,경상북도 경산시 사동 660,경상북도 경산시 백양로33길 31 (사동. 사동중학교),8750000,경상북도교육청,8851000,경상북도경산교육지원청,2013-11-29,2022-10-06,35.81400185,128.7590562,2023-03-22
B000010862,자인중학교,중학교,1948-10-01,공립,본교,운영,경상북도 경산시 자인면 북사리 242,경상북도 경산시 자인면 일연로 93 (자인면. 경북기계금속고등학교),8750000,경상북도교육청,8851000,경상북도경산교육지원청,2013-11-29,2022-10-06,35.81989055,128.8217723,2023-03-22
B000010854,삼성현중학교,중학교,2006-03-01,공립,본교,운영,경상북도 경산시 백천동 591-2,경상북도 경산시 경청로216길 17 (백천동. 삼성현중학교),8750000,경상북도교육청,8851000,경상북도경산교육지원청,2013-11-29,2022-10-06,35.80114113,128.7401211,2023-03-22
B000010698,구룡포중학교,중학교,1948-03-01,공립,본교,운영,경상북도 포항시 남구 구룡포읍 구룡포리 199-30,경상북도 포항시 남구 구룡포읍 호미로 341 . (구룡포읍. 구룡포중학교),8750000,경상북도교육청,8761000,경상북도포항교육지원청,2013-11-29,2022-10-06,35.99179076,129.5659125,2023-03-22
B000010737,김천여자중학교,중학교,1935-04-02,공립,본교,운영,경상북도 김천시 성내동 51,경상북도 김천시 자산로 168 (성내동),8750000,경상북도교육청,8781000,경상북도김천교육지원청,2013-11-29,2022-10-06,36.12577398,128.1191369,2023-03-22
B000010897,석보중학교,중학교,1964-04-06,공립,본교,운영,경상북도 영양군 석보면 원리리 142-1,경상북도 영양군 석보면 석보로 572-6 (석보면. 석보중학교),8750000,경상북도교육청,8891000,경상북도영양교육지원청,2013-11-29,2022-10-06,36.55265804,129.1355329,2023-03-22
B000010860,하양여자중학교,중학교,1973-04-20,사립,본교,운영,경상북도 경산시 하양읍 대학리 100,경상북도 경산시 하양읍 지식산업로8길 21 . 하양여자중학교 (하양읍. 하양여자고등학교),8750000,경상북도교육청,8851000,경상북도경산교육지원청,2013-11-29,2022-10-06,35.92967651,128.826076,2023-03-22
B000010965,매화중학교,중학교,1953-04-24,공립,본교,운영,경상북도 울진군 매화면 매화리 1141,경상북도 울진군 매화면 매화1길 71-6 (매화면),8750000,경상북도교육청,8971000,경상북도울진교육지원청,2013-11-29,2022-10-06,36.91225713,129.3811157,2023-03-22
B000010780,천생중학교,중학교,2007-03-01,공립,본교,운영,경상북도 구미시 구평동 474-2,경상북도 구미시 인동가산로 250-33 (구평동. 천생중학교),8750000,경상북도교육청,8801000,경상북도구미교육지원청,2013-11-29,2022-10-06,36.09007828,128.4377035,2023-03-22
B000010936,약목중학교,중학교,1955-06-10,공립,본교,운영,경상북도 칠곡군 약목면 복성리 777,경상북도 칠곡군 약목면 복성8길 20 (약목면. 약목중학교),8750000,경상북도교육청,8941000,경상북도칠곡교육지원청,2013-11-29,2022-10-06,36.03537499,128.3604432,2023-03-22
B000010713,기계중학교기북분교장,중학교,1970-03-02,공립,분교,운영,경상북도 포항시 북구 기북면 용기리 74,경상북도 포항시 북구 기북면 기북로 469 (기북면. 기계중학교 기북분교장),8750000,경상북도교육청,8761000,경상북도포항교육지원청,2013-11-29,2022-10-06,36.13131831,129.1671005,2023-03-22
B000010910,풍각중학교,중학교,1952-04-01,공립,본교,운영,경상북도 청도군 풍각면 송서리 553-6,경상북도 청도군 풍각면 헐티로 185 (풍각면. 풍각중학교),8750000,경상북도교육청,8911000,경상북도청도교육지원청,2013-11-29,2022-10-06,35.64122493,128.6207782,2023-03-22
B000010814,금호중학교,중학교,1951-10-04,사립,본교,운영,경상북도 영천시 금호읍 교대리 172-1,경상북도 영천시 금호읍 교대길 8-18 (금호읍),8750000,경상북도교육청,8821000,경상북도영천교육지원청,2013-11-29,2022-10-06,35.93238187,128.8736677,2023-03-22
B000010765,북후중학교,중학교,1952-05-01,공립,본교,운영,경상북도 안동시 북후면 장기리 816,경상북도 안동시 북후면 단풍길 5-8 (북후면. 북후중학교),8750000,경상북도교육청,8791000,경상북도안동교육지원청,2013-11-29,2022-10-06,36.68092819,128.6989439,2023-03-22
B000010857,경산여자중학교,중학교,1954-04-12,사립,본교,운영,경상북도 경산시 옥곡동 7,경상북도 경산시 경산로 91 (옥곡동),8750000,경상북도교육청,8851000,경상북도경산교육지원청,2013-11-29,2022-10-06,35.8177642,128.7299454,2023-03-22
B000010774,구미여자중학교,중학교,1964-03-05,공립,본교,운영,경상북도 구미시 원평동 404,경상북도 구미시 금오산로 162 . (원평동 404) (원평동. 구미여자중학교),8750000,경상북도교육청,8801000,경상북도구미교육지원청,2013-11-29,2022-10-06,36.12523333,128.3269776,2023-03-22
B000010796,오상중학교,중학교,1945-10-16,사립,본교,운영,경상북도 구미시 장천면 상장리 700,경상북도 구미시 장천면 강동로 164 . 오상중학교 (장천면),8750000,경상북도교육청,8801000,경상북도구미교육지원청,2013-11-29,2022-10-06,36.12502535,128.4961942,2023-03-22
B000010896,영양여자중학교,중학교,1973-03-04,사립,본교,운영,경상북도 영양군 영양읍 동부리 5,경상북도 영양군 영양읍 영양창수로 141 (영양읍),8750000,경상북도교육청,8891000,경상북도영양교육지원청,2013-11-29,2022-10-06,36.66188808,129.1297626,2023-03-22
B000010915,고령중학교,중학교,1947-11-08,공립,본교,운영,경상북도 고령군 대가야읍 쾌빈리 106-5,경상북도 고령군 대가야읍 가야금길 20 (대가야읍. 고령중학교),8750000,경상북도교육청,8921000,경상북도고령교육지원청,2013-11-29,2022-10-06,35.74083826,128.2720685,2023-03-22
B000010747,감문중학교,중학교,1953-04-23,공립,본교,운영,경상북도 김천시 감문면 삼성리 676,경상북도 김천시 감문면 감문로 1113 (감문면. 감문중학교),8750000,경상북도교육청,8781000,경상북도김천교육지원청,2013-11-29,2022-10-06,36.21758894,128.1861782,2023-03-22
B000010794,산동중학교,중학교,1972-03-01,공립,본교,운영,경상북도 구미시 산동면 동곡리 933,경상북도 구미시 산동읍 강동로 998 (산동읍. 산동중학교),8750000,경상북도교육청,8801000,경상북도구미교육지원청,2013-11-29,2022-10-06,36.16872002,128.4402807,2023-03-22
B000010937,신동중학교,중학교,1981-03-04,공립,본교,운영,경상북도 칠곡군 지천면 신리 산15-9,경상북도 칠곡군 지천면 신동로 99 (지천면),8750000,경상북도교육청,8941000,경상북도칠곡교육지원청,2013-11-29,2022-10-06,35.95843099,128.483912,2023-03-22
B000010688,대흥중학교,중학교,1992-03-05,공립,본교,운영,경상북도 포항시 북구 용흥동 418-9,경상북도 포항시 북구 용흥로292번길 35 (용흥동. 대흥중학교),8750000,경상북도교육청,8761000,경상북도포항교육지원청,2013-11-29,2022-10-06,36.04530538,129.3539589,2023-03-22
B000010763,길안중학교,중학교,1960-04-11,공립,본교,운영,경상북도 안동시 길안면 천지리 731-1,경상북도 안동시 길안면 천지안길 71-3 (길안면. 길안중학교),8750000,경상북도교육청,8791000,경상북도안동교육지원청,2013-11-29,2022-10-06,36.45903834,128.8946102,2023-03-22
B000010738,김천석천중학교,중학교,1946-10-10,사립,본교,운영,경상북도 김천시 황금동 36-4,경상북도 김천시 남산공원길 128 (황금동.김천석천중학교),8750000,경상북도교육청,8781000,경상북도김천교육지원청,2013-11-29,2022-10-06,36.11757395,128.1220534,2023-03-22
B000010758,경안중학교,중학교,1961-03-07,사립,본교,운영,경상북도 안동시 송현동 599-1,경상북도 안동시 경동로 205-33 . 경안중학교 (송현동),8750000,경상북도교육청,8791000,경상북도안동교육지원청,2013-11-29,2022-10-06,36.57650803,128.6833866,2023-03-22
B000010926,성주중학교가천분교장,중학교,1953-05-26,공립,분교,운영,경상북도 성주군 가천면 창천리 861,경상북도 성주군 가천면 창천5길 13 (가천면),8750000,경상북도교육청,8931000,경상북도성주교육지원청,2013-11-29,2022-10-06,35.88671985,128.1601936,2023-03-22
B000010810,영천여자중학교,중학교,1960-04-12,공립,본교,운영,경상북도 영천시 화룡동 178-3,경상북도 영천시 상아탑길 28 (교촌동),8750000,경상북도교육청,8821000,경상북도영천교육지원청,2013-11-29,2022-10-06,35.96722562,128.9224925,2023-03-22
B000010840,용운중학교,중학교,1953-08-05,사립,본교,운영,경상북도 상주시 공성면 산현리 868-24,경상북도 상주시 공성면 문화마을길 23 (공성면.용운중고등학교),8750000,경상북도교육청,8831000,경상북도상주교육지원청,2013-11-29,2022-10-06,36.27931281,128.0942764,2023-03-22
B000010853,장산중학교,중학교,1994-03-01,공립,본교,운영,경상북도 경산시 사정동 59,경상북도 경산시 경산로 112 (사정동. 장산중학교),8750000,경상북도교육청,8851000,경상북도경산교육지원청,2013-11-29,2022-10-06,35.81897414,128.7303219,2023-03-22
B000010930,왜관중학교,중학교,1970-03-05,공립,본교,운영,경상북도 칠곡군 왜관읍 왜관리 724,경상북도 칠곡군 왜관읍 평장1길 34 (왜관읍. 왜관중학교),8750000,경상북도교육청,8941000,경상북도칠곡교육지원청,2013-11-29,2022-10-06,35.98533291,128.4045326,2023-03-22
B000010755,안동여자중학교,중학교,1942-05-01,공립,본교,운영,경상북도 안동시 법상동 1,경상북도 안동시 법상윗3길 30-42 (법상동. 안동여자중학교),8750000,경상북도교육청,8791000,경상북도안동교육지원청,2013-11-29,2022-10-06,36.57298365,128.7275002,2023-03-22
B000010863,용성중학교,중학교,1969-11-27,공립,본교,운영,경상북도 경산시 용성면 당리리 150-4,경상북도 경산시 용성면 원효로 1410 (용성면. 용성중학교),8750000,경상북도교육청,8851000,경상북도경산교육지원청,2013-11-29,2022-10-06,35.792593,128.8733966,2023-03-22
B000010839,낙운중학교,중학교,1973-03-16,공립,본교,운영,경상북도 상주시 낙동면 상촌리 650,경상북도 상주시 낙동면 삼봉로 472-20 . 낙운중학교(낙동면. 낙운중학교),8750000,경상북도교육청,8831000,경상북도상주교육지원청,2013-11-29,2022-10-06,36.37637874,128.2530359,2023-03-22
B000010740,문성중학교,중학교,1969-03-03,사립,본교,운영,경상북도 김천시 지좌동 604-2,경상북도 김천시 영남대로 1992-3 (지좌동. 문성중학교),8750000,경상북도교육청,8781000,경상북도김천교육지원청,2013-11-29,2022-10-06,36.11844595,128.1468769,2023-03-22
B000023821,대구가톨릭대학교사범대학부속무학중학교,중학교,1966-03-01,사립,본교,운영,경상북도 경산시 하양읍 도리리 76,경상북도 경산시 하양읍 금송로 71-11 무학중학교 (하양읍),8750000,경상북도교육청,8851000,경상북도경산교육지원청,2013-11-29,2022-10-06,35.92002869,128.8159912,2023-03-22
B000026416,지품천중학교,중학교,2017-03-01,공립,본교,운영,경상북도 김천시 대덕면 관기리 777,경상북도 김천시 대덕면 대덕로 731 . 지품천중학교 (대덕면),8750000,경상북도교육청,8781000,경상북도김천교육지원청,2013-11-29,2022-10-06,35.91764637,127.9631045,2023-03-22
B000024991,석적중학교,중학교,2021-03-01,공립,본교,운영,경상북도 칠곡군 석적읍 남율리 1190,경상북도 칠곡군 석적읍 남율로18길 10 . 석적중학교 (석적읍),8750000,경상북도교육청,8941000,경상북도칠곡교육지원청,2013-12-02,2022-10-06,36.06409306,128.4056548,2023-03-22
B000010687,양학중학교,중학교,1992-03-05,공립,본교,운영,경상북도 포항시 북구 득량동 205-6,경상북도 포항시 북구 이동로 63 (득량동. 양학중학교),8750000,경상북도교육청,8761000,경상북도포항교육지원청,2013-11-29,2022-10-06,36.03347484,129.3418898,2023-03-22
B000010938,동명중학교,중학교,1984-03-01,공립,본교,운영,경상북도 칠곡군 동명면 송산리 111,경상북도 칠곡군 동명면 백송로 797 (동명면),8750000,경상북도교육청,8941000,경상북도칠곡교육지원청,2013-11-29,2022-10-06,35.98517727,128.549309,2023-03-22
B000010757,길주중학교,중학교,1999-03-01,공립,본교,운영,경상북도 안동시 용상동 1536-1,경상북도 안동시 경동로 931 (용상동),8750000,경상북도교육청,8791000,경상북도안동교육지원청,2013-11-29,2022-10-06,36.5564808,128.7584217,2023-03-22
B000010941,대창중학교,중학교,1949-03-01,사립,본교,운영,경상북도 예천군 예천읍 노상리 1,경상북도 예천군 예천읍 대창학교길 33 (예천읍),8750000,경상북도교육청,8951000,경상북도예천교육지원청,2013-11-29,2022-10-06,36.6600499,128.4552453,2023-03-22
B000010852,경북체육중학교,중학교,1972-11-11,공립,본교,운영,경상북도 경산시 신교동 108-1,경상북도 경산시 경안로 43 (신교동),8750000,경상북도교육청,8851000,경상북도경산교육지원청,2013-11-29,2022-10-06,35.81222619,128.7380534,2023-03-22
B000010701,영일중학교,중학교,1951-09-15,사립,본교,운영,경상북도 포항시 남구 연일읍 동문리 47-1,경상북도 포항시 남구 연일읍 동문로 56 (연일읍),8750000,경상북도교육청,8761000,경상북도포항교육지원청,2013-11-29,2022-10-06,35.99552975,129.3534695,2023-03-22
B000010858,신상중학교,중학교,2009-03-01,공립,본교,운영,경상북도 경산시 진량읍 신상리 343-1,경상북도 경산시 진량읍 공단1로1길 36-8 . (구. 신상리 343-1),8750000,경상북도교육청,8851000,경상북도경산교육지원청,2013-11-29,2022-10-06,35.87468993,128.8219306,2023-03-22
B000010851,경산중학교,중학교,1946-11-01,공립,본교,운영,경상북도 경산시 계양동 112-3,경상북도 경산시 원효로 89 (계양동),8750000,경상북도교육청,8851000,경상북도경산교육지원청,2013-11-29,2022-10-06,35.82428626,128.7484647,2023-03-22
B000010960,울진중학교,중학교,1946-09-05,공립,본교,운영,경상북도 울진군 울진읍 연지리 822,경상북도 울진군 울진읍 연호로 39. 울진중학교(울진읍),8750000,경상북도교육청,8971000,경상북도울진교육지원청,2013-11-29,2022-10-06,36.99395651,129.4051086,2023-03-22
B000010899,수비중학교,중학교,1965-03-10,공립,본교,운영,경상북도 영양군 수비면 발리리 500,경상북도 영양군 수비면 낙동정맥로 2417 (수비면. 수비중고등학교),8750000,경상북도교육청,8891000,경상북도영양교육지원청,2013-11-29,2022-10-06,36.76502287,129.2037522,2023-03-22
B000023751,율곡중학교,중학교,2014-09-01,공립,본교,운영,경상북도 김천시 율곡동 647,경상북도 김천시 혁신4로 45 (율곡동. 율곡중학교),8750000,경상북도교육청,8781000,경상북도김천교육지원청,2013-11-29,2022-10-06,36.12191192,128.1859834,2023-03-22
B000010790,선산중학교,중학교,1946-09-25,공립,본교,운영,경상북도 구미시 선산읍 이문리 709,경상북도 구미시 선산읍 선상서로14길 19-20 (선산읍. 선산중학교),8750000,경상북도교육청,8801000,경상북도구미교육지원청,2013-11-29,2022-10-06,36.24079585,128.2924806,2023-03-22
B000023764,해마루중학교,중학교,2016-03-01,공립,본교,운영,경상북도 구미시 옥계동 921,경상북도 구미시 산호대로 . 951 (옥계동),8750000,경상북도교육청,8801000,경상북도구미교육지원청,2013-11-29,2022-10-06,36.13959681,128.4328884,2023-03-22
B000010958,평해중학교,중학교,1947-09-23,공립,본교,운영,경상북도 울진군 평해읍 평해리 413,경상북도 울진군 평해읍 평해7길 61-3 . 평해중학교 (평해읍. 평해중학교),8750000,경상북도교육청,8971000,경상북도울진교육지원청,2013-11-29,2022-10-06,36.72891434,129.4429677,2023-03-22
B000010916,성산중학교,중학교,1966-12-13,공립,본교,운영,경상북도 고령군 성산면 어곡리 122-1,경상북도 고령군 성산면 운성로 877 (성산면. 성산중학교),8750000,경상북도교육청,8921000,경상북도고령교육지원청,2013-11-29,2022-10-06,35.75092754,128.3619612,2023-03-22
B000010682,환호여자중학교,중학교,1991-03-09,공립,본교,운영,경상북도 포항시 북구 환호동 70,경상북도 포항시 북구 삼호로 480-6 (환호동),8750000,경상북도교육청,8761000,경상북도포항교육지원청,2013-11-29,2022-10-06,36.07188866,129.4018114,2023-03-22
B000010929,석전중학교,중학교,2003-03-05,공립,본교,운영,경상북도 칠곡군 왜관읍 석전리 505-1,경상북도 칠곡군 왜관읍 석전로7길 14 (왜관읍),8750000,경상북도교육청,8941000,경상북도칠곡교육지원청,2013-11-29,2022-10-06,36.00305954,128.4093092,2023-03-22
B000023850,양덕중학교,중학교,2018-03-01,공립,본교,운영,경상북도 포항시 북구 양덕동 2027,경상북도 포항시 북구 장량로241번길 22 . 양덕중학교 (양덕동),8750000,경상북도교육청,8761000,경상북도포항교육지원청,2013-11-29,2022-10-06,36.08420566,129.4071746,2023-03-22
B000007252,압량중학교,중학교,2019-03-01,공립,본교,운영,경상북도 경산시 압량읍 부적리 601,경상북도 경산시 압량읍 부적길 36-19 (압량면),8750000,경상북도교육청,8851000,경상북도경산교육지원청,2013-11-29,2022-10-06,35.84381785,128.7614826,2023-03-22
B000010766,웅부중학교,중학교,2018-03-07,공립,본교,운영,경상북도 안동시 도산면 온혜리 923,경상북도 안동시 도산면 온천로 620-4 (도산면),8750000,경상북도교육청,8791000,경상북도안동교육지원청,2013-11-29,2022-10-06,36.74887315,128.8234472,2023-03-22
B000025452,구미인덕중학교,중학교,2019-03-01,공립,본교,운영,경상북도 구미시 산동면 인덕리 1108,경상북도 구미시 산동읍 신당인덕3로 33 (산동읍. 구미인덕중학교),8750000,경상북도교육청,8801000,경상북도구미교육지원청,2013-11-29,2022-10-06,36.16233057,128.4387572,2023-03-22
B000010901,영덕여자중학교,중학교,1968-03-06,사립,본교,운영,경상북도 영덕군 영덕읍 덕곡리 106-1,경상북도 영덕군 영덕읍 영덕로 206 . 영덕여자중학교 (영덕읍),8750000,경상북도교육청,8901000,경상북도영덕교육지원청,2013-11-29,2022-10-06,36.4131736,129.3745519,2023-03-22
B000010815,신녕중학교,중학교,1951-09-05,공립,본교,운영,경상북도 영천시 신녕면 매양리 405,경상북도 영천시 신녕면 찰방길 8 (신녕면),8750000,경상북도교육청,8821000,경상북도영천교육지원청,2013-11-29,2022-10-06,36.04302173,128.7804921,2023-03-22
B000010759,경덕중학교,중학교,1952-06-08,사립,본교,운영,경상북도 안동시 태화동 598-1,경상북도 안동시 서악길 47 . 경덕중학교 (태화동),8750000,경상북도교육청,8791000,경상북도안동교육지원청,2013-11-29,2022-10-06,36.56002748,128.708754,2023-03-22
B000010953,청량중학교,중학교,2017-03-01,공립,본교,운영,경상북도 봉화군 명호면 도천리 264-2,경상북도 봉화군 명호면 양지마을길 14 (명호면),8750000,경상북도교육청,8961000,경상북도봉화교육지원청,2013-11-29,2022-10-06,36.86005258,128.8992053,2023-03-22
B000026318,울릉중학교,중학교,2020-03-01,공립,본교,운영,경상북도 울릉군 울릉읍 사동리 323,경상북도 울릉군 울릉읍 사동2길 219 (울릉읍. 울릉중학교),8750000,경상북도교육청,8981000,경상북도울릉교육지원청,2013-11-29,2022-10-06,37.47868772,130.8865591,2023-03-22
